"Treatment","Gene","p_value","mean_R","mean_NR","FDR","Direction"
"chemo+targeted","CD38",9.07740613490336e-15,8.62672008928571,7.69385141304348,4.19376163432535e-12,"Up in R"
"chemo+targeted","ESR1",2.87210450653087e-13,6.47889508928571,7.30278826086957,6.6345614100863e-11,"Up in NR"
"chemo+targeted","IL21R",5.73392315367396e-13,9.10214330357143,8.44097086956522,8.39454794891105e-11,"Up in R"
"chemo+targeted","THSD4",7.26800688217407e-13,6.71146383928571,7.46892358695652,8.39454794891105e-11,"Up in NR"
"chemo+targeted","SLC39A6",1.1641375784217e-12,8.542671875,9.38278076086957,1.07566312246165e-10,"Up in NR"
"chemo+targeted","GZMB",1.68391897836163e-12,10.2170861607143,9.32728108695652,1.29661761333845e-10,"Up in R"
"chemo+targeted","GBP5",2.31421580974039e-12,11.5680022321429,10.6239544565217,1.32867551207954e-10,"Up in R"
"chemo+targeted","CCDC74B",2.45473641631716e-12,8.231734375,9.11538293478261,1.32867551207954e-10,"Up in NR"
"chemo+targeted","FAM134B",2.58832891963547e-12,7.95164598214286,8.6555802173913,1.32867551207954e-10,"Up in NR"
"chemo+targeted","SCUBE2",4.32048651001246e-12,7.26623214285714,8.46295304347826,1.88460656997347e-10,"Up in NR"
"chemo+targeted","AIM2",4.48715849993684e-12,8.23493794642857,7.55359380434783,1.88460656997347e-10,"Up in R"
"chemo+targeted","CXCL13",6.8513908481657e-12,9.58285892857143,8.575685,2.63778547654379e-10,"Up in R"
"chemo+targeted","GBP1",1.22681023505051e-11,9.58148348214286,8.90642847826087,4.35989483533335e-10,"Up in R"
"chemo+targeted","KRT86",1.54488453060638e-11,10.202575,9.35159260869565,4.78195464266421e-10,"Up in R"
"chemo+targeted","IDO1",1.59162512277418e-11,10.4365428571429,9.43352684782609,4.78195464266421e-10,"Up in R"
"chemo+targeted","AGR3",1.65608818793566e-11,6.97324285714286,8.48088380434783,4.78195464266421e-10,"Up in NR"
"chemo+targeted","SYBU",2.30491574242698e-11,7.59405267857143,8.24691326086957,6.26394748824273e-10,"Up in NR"
"chemo+targeted","RARRES1",3.30978314855364e-11,9.92044553571429,9.03481913043478,8.49511008128768e-10,"Up in R"
"chemo+targeted","FAM26F",3.64941158449181e-11,11.2812375,10.60504,8.8738323791327e-10,"Up in R"
"chemo+targeted","LRRC56",4.34884848822321e-11,8.54454866071429,9.13586717391304,1.00458400077956e-09,"Up in NR"
"chemo+targeted","LAMP3",5.76042624048406e-11,10.4286330357143,9.5948472826087,1.26729377290649e-09,"Up in R"
"chemo+targeted","CXCL9",8.49599801709486e-11,12.7618330275229,11.6747559471366,1.78415958358992e-09,"Up in R"
"chemo+targeted","CCL13",1.16316614908838e-10,8.38552946428571,7.57982260869565,2.33644678642969e-09,"Up in R"
"chemo+targeted","CXCL10",2.1380255884136e-10,9.87806785714286,9.11320467391304,4.11569925769617e-09,"Up in R"
"chemo+targeted","CA12",2.33247161130991e-10,8.035553125,9.05438663043478,4.31040753770071e-09,"Up in NR"
"chemo+targeted","PDCD1",2.81544518279113e-10,9.15081205357143,8.5660475,5.00282951711347e-09,"Up in R"
"chemo+targeted","PARD6B",3.25883692149552e-10,8.55979955357143,9.25702293478261,5.57623206567011e-09,"Up in NR"
"chemo+targeted","GATA3",4.27979022634041e-10,9.24731026785714,10.2585077173913,7.06165387346168e-09,"Up in NR"
"chemo+targeted","NAT1",4.76158161079828e-10,8.60794241071429,9.65998739130435,7.58569208340968e-09,"Up in NR"
"chemo+targeted","LONRF2",6.14895774706596e-10,6.65044642857143,7.36553260869565,9.46939493048158e-09,"Up in NR"
"chemo+targeted","CCL5",6.80808375917601e-10,10.2580111607143,9.5281875,1.01462409572236e-08,"Up in R"
"chemo+targeted","FAM196A",1.85891637887719e-09,5.72229910714286,6.35969565217391,2.68381052200395e-08,"Up in NR"
"chemo+targeted","ZMYND10",1.97333244220989e-09,6.68682232142857,7.28510445652174,2.76266541909385e-08,"Up in NR"
"chemo+targeted","FAM47E",3.47915751927148e-09,6.52014910714286,7.01033899782135,4.72756109971595e-08,"Up in NR"
"chemo+targeted","CLSTN2",4.68062932543418e-09,6.8037,7.61686847826087,6.17843070957312e-08,"Up in NR"
"chemo+targeted","UBD",5.69902069877474e-09,13.1879540909091,12.1145635555556,7.31374323009425e-08,"Up in R"
"chemo+targeted","CD274",6.56628422066311e-09,7.04917767857143,6.73342097826087,8.19898191877393e-08,"Up in R"
"chemo+targeted","PGR",1.16225600039677e-08,5.85941383928571,6.45739967391304,1.41305861100871e-07,"Up in NR"
"chemo+targeted","DNALI1",1.48470908247557e-08,6.99045625,7.76801086956522,1.75880922077875e-07,"Up in NR"
"chemo+targeted","GNLY",1.67198033585969e-08,8.01035580357143,7.46519358695652,1.88854321984151e-07,"Up in R"
"chemo+targeted","COX6C",1.67597991371216e-08,14.2874821428571,14.8609597826087,1.88854321984151e-07,"Up in NR"
"chemo+targeted","FSIP1",1.82458167326874e-08,6.34944732142857,7.17334847826087,2.00703984059561e-07,"Up in NR"
"chemo+targeted","CD8A",3.01344331307013e-08,9.01262321428571,8.5766402173913,3.22122778520135e-07,"Up in R"
"chemo+targeted","RSPH1",3.06783598590605e-08,7.94826696428571,8.54389901960784,3.22122778520135e-07,"Up in NR"
"chemo+targeted","RIMS4",3.3184310814127e-08,6.59185178571429,7.39465608695652,3.40692257691704e-07,"Up in NR"
"chemo+targeted","GAMT",5.40115782183809e-08,8.72704151785714,9.28177695652174,5.42464111671564e-07,"Up in NR"
"chemo+targeted","NLRP7",6.1608023559519e-08,6.54734508928571,6.07334532608696,6.05593763499953e-07,"Up in R"
"chemo+targeted","WNT6",9.8348740606262e-08,10.2735455357143,9.68714902173913,9.46606628335271e-07,"Up in R"
"chemo+targeted","IFNG",1.03030455209502e-07,6.569675,6.1456422826087,9.5308836592606e-07,"Up in R"
"chemo+targeted","CXCL1",1.03148091550439e-07,8.06914375,7.58839380434783,9.5308836592606e-07,"Up in R"
"chemo+targeted","DACH1",1.23313704397918e-07,7.51901741071429,8.34128163043478,1.11707708689878e-06,"Up in NR"
"IO+chemo","LMO4",2.03636988113034e-07,10.4872548387097,9.20375263157895,1.80723561528474e-06,"Up in R"
"chemo+targeted","AGR2",2.07323566255609e-07,8.97552767857143,10.2041445652174,1.80723561528474e-06,"Up in NR"
"chemo+targeted","PPP1R14C",2.24511682686095e-07,7.79235178571429,7.1130952173913,1.92082217409215e-06,"Up in R"
"chemo+targeted","ADIRF",2.55299475900295e-07,12.1136584821429,12.8791159041394,2.14451559756247e-06,"Up in NR"
"chemo+targeted","CCL17",3.67964467635994e-07,8.35063080357143,7.85421336956522,3.03570685799695e-06,"Up in R"
"chemo+targeted","KIF5C",3.85961381265315e-07,7.53457946428571,8.06586804347826,3.12831856393992e-06,"Up in NR"
"chemo+targeted","TCL1A",4.17258636124309e-07,9.22366339285714,8.62218630434783,3.3236808601626e-06,"Up in R"
"chemo+targeted","PDZK1",4.69343784514762e-07,6.38844732142857,7.15579119565217,3.67520048213255e-06,"Up in NR"
"chemo+targeted","TSPAN1",5.19252385728888e-07,8.46893616071429,9.19876141304348,3.99824337011244e-06,"Up in NR"
"chemo+targeted","FOXA1",5.65116360482305e-07,9.24974464285714,10.2148018478261,4.28006161545615e-06,"Up in NR"
"chemo+targeted","TBC1D9",5.88546799044161e-07,9.46331607142857,10.1421467391304,4.38562292190971e-06,"Up in NR"
"IO+chemo","CA12",6.04081895438119e-07,7.17038064516129,9.64870263157895,4.42993389987954e-06,"Up in NR"
"chemo+targeted","RGS22",7.64483879558679e-07,6.14704017857143,6.65470434782609,5.50313736950954e-06,"Up in NR"
"chemo+targeted","STARD10",7.74250928610649e-07,10.3657772321429,10.93847,5.50313736950954e-06,"Up in NR"
"chemo+targeted","ANXA9",9.10771274642934e-07,6.80577276785714,7.50377391304348,6.37539892250054e-06,"Up in NR"
"IO+chemo","RGS22",9.69272170147575e-07,5.58168709677419,6.91809736842105,6.68363794937582e-06,"Up in NR"
"IO+chemo","CCDC74B",1.01675343330472e-06,8.30845161290322,10.0249131578947,6.90794244392323e-06,"Up in NR"
"chemo+targeted","TFF1",1.41125097015386e-06,10.0063450892857,11.4609006521739,9.4492456262476e-06,"Up in NR"
"chemo+targeted","NPNT",1.57274857734931e-06,9.48395535714286,10.1218667391304,1.03801406105055e-05,"Up in NR"
"IO+chemo","GPRC5C",1.67406821616673e-06,7.63502580645161,8.64050263157895,1.08932326178736e-05,"Up in NR"
"targeted","ERBB2",1.78299951685279e-06,11.39155,10.1047636363636,1.14409135664721e-05,"Up in R"
"IO+chemo","SLC7A2",1.81092483590819e-06,6.40792258064516,8.46010789473684,1.14609215642409e-05,"Up in NR"
"chemo+targeted","PRF1",2.15335870638233e-06,6.45736964285714,6.19823695652174,1.34439421939005e-05,"Up in R"
"chemo+targeted","MEX3A",2.30503398939035e-06,10.8941415178571,10.3817236956522,1.41990093746445e-05,"Up in R"
"chemo+targeted","PROM1",2.36421902506478e-06,8.04388526785714,7.35708760869565,1.42573028511099e-05,"Up in R"
"chemo+targeted","CDH3",2.37621714185165e-06,10.3838388392857,9.75584608695652,1.42573028511099e-05,"Up in R"
"chemo+targeted","NAT2",2.48443770745719e-06,6.01504732142857,6.43707293478261,1.47155156518618e-05,"Up in NR"
"chemo+targeted","PLA2G10",2.5583573922551e-06,6.28430580357143,6.74824010869565,1.49615331040742e-05,"Up in NR"
"chemo+targeted","SLC7A2",2.84973924361516e-06,7.44311473214286,8.11836793478261,1.64572441318775e-05,"Up in NR"
"chemo+targeted","TPRG1",3.15695627329743e-06,6.25165758928571,6.86759858695652,1.80063431884372e-05,"Up in NR"
"chemo+targeted","GPRC5A",3.21760308903788e-06,7.23336294642857,7.61386380434783,1.81264176766963e-05,"Up in NR"
"chemo+targeted","VGLL1",3.256477634558e-06,8.08748214285714,7.36533119565217,1.81264176766963e-05,"Up in R"
"chemo+targeted","DYNLRB2",3.45421438828888e-06,7.1681875,7.67871586956522,1.89981791355888e-05,"Up in NR"
"IO+chemo","LAMP3",3.88782410288653e-06,10.5342806451613,8.87121315789474,2.08149123191871e-05,"Up in R"
"IO+chemo","DHRS2",3.88782410288653e-06,7.5955935483871,9.60041315789474,2.08149123191871e-05,"Up in NR"
"chemo+targeted","MLPH",3.91969128088588e-06,7.68736071428571,8.28646076086956,2.08149123191871e-05,"Up in NR"
"chemo+targeted","MARCO",4.4317864481771e-06,9.90277321428571,9.15968597826087,2.32668788529298e-05,"Up in R"
"chemo+targeted","PHGDH",4.7719886077855e-06,11.5368638392857,11.019752826087,2.47714464808641e-05,"Up in R"
"IO+chemo","CHODL",5.44235957504167e-06,8.06835161290322,6.6344447368421,2.79374458185472e-05,"Up in R"
"IO+chemo","THSD4",6.63828467875748e-06,6.12772903225806,7.39891578947368,3.37020606767687e-05,"Up in NR"
"chemo+targeted","MATN3",8.09624515999811e-06,7.00012276785714,7.41135206521739,4.06572311295557e-05,"Up in NR"
"chemo+targeted","STMND1",9.15462976801282e-06,6.69200401785714,7.36132934782609,4.54778382023863e-05,"Up in NR"
"chemo+targeted","CHODL",9.28699067817776e-06,7.58626607142857,7.17831554347826,4.5644571205512e-05,"Up in R"
"chemo+targeted","TNNT1",1.02130751003628e-05,9.17002780269058,9.97154576086957,4.96677968038694e-05,"Up in NR"
"IO+chemo","KRT86",1.11472710037407e-05,9.75916451612903,8.39960526315789,5.36462417055022e-05,"Up in R"
"chemo+targeted","HIST1H1A",1.13753746851051e-05,7.96801607142857,7.44910652173913,5.41796196342118e-05,"Up in R"
"IO+chemo","GBP1",1.15944133399888e-05,9.66693225806452,8.64721578947368,5.46593771742328e-05,"Up in R"
"chemo+targeted","EEF1A2",1.3986159837168e-05,7.39288571428571,8.11714826086956,6.52687459067839e-05,"Up in NR"
"IO+chemo","MATN3",1.44556138911066e-05,6.48236451612903,7.64365263157895,6.67849361769125e-05,"Up in NR"
"IO+chemo","SCUBE2",1.95923162027745e-05,6.85436451612903,8.88667894736842,8.96202978780378e-05,"Up in NR"
"chemo+targeted","TFF3",2.80642676017581e-05,9.37694107142857,10.354452826087,0.000127114623843257,"Up in NR"
"targeted","GRB7",3.16683606757539e-05,12.6118666666667,10.6660090909091,0.000139505386892702,"Up in R"
"IO+chemo","CCL13",3.18156025548384e-05,8.95037096774194,7.19442368421053,0.000139505386892702,"Up in R"
"IO+chemo","IL21R",3.18156025548384e-05,8.96146451612903,7.89512105263158,0.000139505386892702,"Up in R"
"chemo+targeted","KCNE4",3.20077294602304e-05,7.97893139013453,8.57899358695652,0.000139505386892702,"Up in NR"
"IO+chemo","PM20D2",3.5830627179546e-05,9.00752580645161,7.74328421052632,0.000154707941653741,"Up in R"
"IO+chemo","GDF15",3.69527153065236e-05,9.07325161290323,10.7692342105263,0.000158075504366795,"Up in NR"
"targeted","PNMT",4.25126672855007e-05,11.85977,8.48065909090909,0.000179543651426447,"Up in R"
"IO+chemo","GBP5",4.27484884348683e-05,11.6915258064516,10.2101736842105,0.000179543651426447,"Up in R"
"IO+chemo","LRRC56",4.32261770244262e-05,8.12747741935484,9.29315789473684,0.00017991435842599,"Up in NR"
"chemo+targeted","CD8B",4.6622813832883e-05,7.92581383928571,7.62894597826087,0.000192319107060642,"Up in R"
"IO+chemo","CHST8",4.80322460262645e-05,7.3779935483871,8.6470552631579,0.00019637962534632,"Up in NR"
"chemo+targeted","IGDCC3",4.94234985713673e-05,6.60210625,7.08945739130435,0.000200295231052383,"Up in NR"
"IO+chemo","ACOX2",5.31544221445229e-05,7.66558387096774,9.84073421052632,0.000212914736366838,"Up in NR"
"IO+chemo","PRR15",5.39199657032902e-05,7.03953548387097,8.33077368421053,0.000212914736366838,"Up in NR"
"IO+chemo","IDO1",5.39199657032902e-05,11.1938580645161,9.48835263157895,0.000212914736366838,"Up in R"
"IO+chemo","KIF5C",6.04747275984761e-05,7.37005483870968,8.72761842105263,0.000236773933478779,"Up in NR"
"IO+chemo","CRABP1",6.40235656799991e-05,9.69570322580645,7.40008421052632,0.000248562078522349,"Up in R"
"IO+chemo","CXCL10",6.77655245423194e-05,10.5551290322581,9.35579210526316,0.00026089726948793,"Up in R"
"chemo+targeted","CHI3L2",6.90368770695557e-05,8.180953125,7.62092054347826,0.000263595348811031,"Up in R"
"IO+chemo","EEF1A2",7.17102313349966e-05,6.0093935483871,7.81248421052632,0.000271558417022692,"Up in NR"
"targeted","MNX1",7.34201813541904e-05,9.35867666666667,7.30670909090909,0.000275773364110862,"Up in R"
"chemo+targeted","PM20D2",7.462838238929e-05,8.64783258928571,8.19946989130435,0.000278050908579452,"Up in R"
"IO+chemo","KCNE4",7.78928115703224e-05,7.65951935483871,8.93153157894737,0.000287891831563912,"Up in NR"
"IO+chemo","ROPN1",8.02485726976058e-05,9.87464193548387,7.1636052631579,0.000294244766557888,"Up in R"
"chemo+targeted","ARL9",8.18331890456179e-05,8.79167633928571,8.34816478260869,0.000297692388496657,"Up in R"
"IO+chemo","ZMYND10",8.48636880439841e-05,6.25870322580645,7.48076842105263,0.000306304874033755,"Up in NR"
"IO+chemo","GAMT",8.97245482883332e-05,8.06801935483871,9.30748684210526,0.000321339079916356,"Up in NR"
"IO+chemo","LRFN2",9.05534106113148e-05,5.9087,7.17404210526316,0.000321812890018673,"Up in NR"
"chemo+targeted","FBXL16",9.36043166577848e-05,8.85480758928571,9.34664913043478,0.000330115986991577,"Up in NR"
"IO+chemo","GZMB",9.51890436991648e-05,10.6622516129032,9.17745,0.000333161652947077,"Up in R"
"IO+chemo","TNNT1",9.75900378502665e-05,8.02166774193548,9.9686552631579,0.000338996973585136,"Up in NR"
"IO+chemo","CXCL13",0.000100231864693476,9.93471935483871,8.29497631578947,0.000345575533495416,"Up in R"
"targeted","STARD3",0.000104929181850421,11.3651833333333,10.1067545454545,0.000359090977888108,"Up in R"
"IO+chemo","NQO1",0.00010590382530716,6.84862580645161,7.87282894736842,0.000359761524205207,"Up in NR"
"IO+chemo","RSPH1",0.000111872579779032,7.42878709677419,8.69693684210526,0.00037183548099218,"Up in NR"
"IO+chemo","DYNLRB2",0.000111872579779032,6.6109,8.15879736842105,0.00037183548099218,"Up in NR"
"IO+chemo","SYCE3",0.000111872579779032,7.74170322580645,9.03644473684211,0.00037183548099218,"Up in NR"
"chemo+targeted","TPSAB1",0.00011727226203028,7.35176696428571,7.78947847826087,0.000386998464699923,"Up in NR"
"IO+chemo","MLPH",0.000118152295446327,7.19243870967742,8.67385263157895,0.000387049279235741,"Up in NR"
"IO+chemo","FAM47E",0.000118963198379816,6.06575161290323,7.11873684210526,0.000387049279235741,"Up in NR"
"IO+chemo","ADIRF",0.000121925886768402,11.1944548387097,12.6462184210526,0.000393914403405605,"Up in NR"
"IO+chemo","LONRF2",0.000131704322927913,6.29378387096774,7.61773684210526,0.000419637222018592,"Up in NR"
"IO+chemo","CLSTN2",0.000131704322927913,6.46837741935484,8.20187368421053,0.000419637222018592,"Up in NR"
"IO+chemo","AMIGO2",0.000134486576995805,7.62228387096774,8.72963157894737,0.000425567113507273,"Up in NR"
"IO+chemo","SDR16C5",0.000139008080087482,6.30315806451613,7.43968421052632,0.0004368825374178,"Up in NR"
"IO+chemo","GNLY",0.000146685735549686,8.09663548387097,7.02570263157895,0.00045789736367537,"Up in R"
"IO+chemo","PLA2G10",0.000151904283450945,5.53895483870968,6.66093947368421,0.000471005227881455,"Up in NR"
"IO+chemo","AGR3",0.000155633552208553,6.01857419354839,8.68851052631579,0.000479351340802344,"Up in NR"
"IO+chemo","CHI3L2",0.00016335207585372,9.45175806451613,7.46179210526316,0.000499792444002772,"Up in R"
"chemo+targeted","CHI3L1",0.00017130768080833,9.35038526785714,8.8804602173913,0.000517650520183297,"Up in R"
"IO+chemo","TFF3",0.00017142971772304,8.16454838709677,10.5149684210526,0.000517650520183297,"Up in NR"
"IO+chemo","PROM1",0.000181494670741964,8.19676451612903,6.56800263157895,0.000544484012225891,"Up in R"
"IO+chemo","AGR2",0.000201630895805198,7.51277096774194,10.7348315789474,0.000597137652961549,"Up in NR"
"IO+chemo","ESR1",0.000201630895805198,6.19073870967742,7.44249736842105,0.000597137652961549,"Up in NR"
"IO+chemo","AIM2",0.000223815619728648,8.85199032258065,7.67911052631579,0.000658616664424429,"Up in R"
"chemo+targeted","LMO4",0.000225417340267474,9.87305535714286,9.56898,0.00065913171647831,"Up in R"
"IO+chemo","ANXA9",0.000228317290629522,6.14589032258065,7.84801842105263,0.000663412504848044,"Up in NR"
"IO+chemo","ELF5",0.000233816267165263,8.40124838709677,6.60230263157895,0.000672279412007393,"Up in R"
"IO+chemo","TPSAB1",0.00023573433927532,6.89015806451613,8.26508157894737,0.000672279412007393,"Up in NR"
"IO+chemo","GPRC5A",0.00023573433927532,6.69028064516129,7.72487368421053,0.000672279412007393,"Up in NR"
"IO+chemo","FSIP1",0.000248236846372181,5.84589032258065,7.73867894736842,0.000703591552294157,"Up in NR"
"chemo+targeted","PRR15",0.000254839968770425,7.87010491071429,8.26214163043478,0.000717902838853272,"Up in NR"
"chemo+targeted","CPA3",0.000256896070550436,7.86620446428571,8.26992695652174,0.000719308997541221,"Up in NR"
"IO+chemo","CD38",0.000261349018851001,8.6773,7.36471578947368,0.000723013453348278,"Up in R"
"IO+chemo","PLAT",0.000261349018851001,9.99423548387097,11.2787684210526,0.000723013453348278,"Up in NR"
"chemo+targeted","KCNK5",0.000263160275781494,9.49176830357143,9.072355,0.000723690758399109,"Up in R"
"IO+chemo","CHI3L1",0.000275097746250207,9.5622064516129,8.00791842105263,0.000747618580985855,"Up in R"
"IO+chemo","CHRM1",0.000275097746250207,7.30455806451613,6.08475263157895,0.000747618580985855,"Up in R"
"chemo+targeted","TMEM121",0.000286229768512228,11.3622924107143,11.6992965217391,0.000773322532471633,"Up in NR"
"chemo+targeted","RET",0.000291764016035693,7.07280848214286,7.485905,0.000783691717491222,"Up in NR"
"IO+chemo","DNALI1",0.000304617681985109,6.49053870967742,8.09372368421053,0.000804190680440688,"Up in NR"
"IO+chemo","STARD10",0.000304617681985109,9.71438709677419,10.9377710526316,0.000804190680440688,"Up in NR"
"IO+chemo","NLRP7",0.000304617681985109,6.5051,5.47973421052632,0.000804190680440688,"Up in R"
"IO+chemo","CAPN13",0.000332091574920138,6.40920967741935,7.64221315789474,0.000869884793227877,"Up in NR"
"chemo+targeted","GSTA5",0.000333917951804942,6.75031383928571,6.26303380434783,0.000869884793227877,"Up in R"
"IO+chemo","SYBU",0.000337033285687857,7.02330322580645,8.05955,0.000869884793227877,"Up in NR"
"IO+chemo","TCL1A",0.000337033285687857,9.61498064516129,8.33154210526316,0.000869884793227877,"Up in R"
"IO+chemo","GPRIN2",0.00035440590977265,8.62485483870968,7.30615,0.000909641835083134,"Up in R"
"chemo+targeted","PLAT",0.000363875216561322,10.3250950892857,10.741157826087,0.000928786464371992,"Up in NR"
"IO+chemo","TMEM121",0.000372599589452315,10.7881225806452,11.8226236842105,0.000945829727071261,"Up in NR"
"IO+chemo","TFF1",0.000391649273035011,8.92651935483871,12.0959921052632,0.000983380239903126,"Up in NR"
"IO+chemo","PGR",0.000391649273035011,5.29347419354839,6.28299736842105,0.000983380239903126,"Up in NR"
"IO+chemo","GABBR2",0.000399166944758816,6.63382580645161,5.38740263157895,0.00099683853231661,"Up in R"
"chemo+targeted","SOX10",0.00040541257185876,7.11354241071429,6.7575497826087,0.00100699251719756,"Up in R"
"IO+chemo","ASPN",0.000411591210052032,8.61251612903226,9.94076578947368,0.00101687240130502,"Up in NR"
"IO+chemo","FAM196A",0.000447306470600829,5.21683225806452,6.42419736842105,0.00109923185860416,"Up in NR"
"IO+chemo","LIN7A",0.000477153399876868,5.93577096774194,7.04744736842105,0.00116213455763523,"Up in NR"
"chemo+targeted","GABRP",0.000477934125434402,9.085996875,8.37738673913043,0.00116213455763523,"Up in R"
"chemo+targeted","GDF15",0.000485312947002014,10.4037322869955,10.9031784782609,0.0011738983325389,"Up in NR"
"IO+chemo","FOXA1",0.000523853799157755,7.75480322580645,10.4216684210526,0.00123997411654018,"Up in NR"
"IO+chemo","RIMS4",0.000523853799157755,6.06863225806452,7.51222368421053,0.00123997411654018,"Up in NR"
"IO+chemo","NPNT",0.000526049625198862,8.69245483870968,10.1588026315789,0.00123997411654018,"Up in NR"
"IO+chemo","CPA3",0.000526049625198862,7.67368064516129,9.10056842105263,0.00123997411654018,"Up in NR"
"IO+chemo","ROPN1B",0.000526049625198862,8.9740935483871,6.88108157894737,0.00123997411654018,"Up in R"
"chemo+targeted","STARD3",0.000535548783824353,9.89060267857143,9.43100184782609,0.00125440586311273,"Up in R"
"chemo+targeted","FOXC1",0.000537602512762598,9.28870625,8.83659195652174,0.00125440586311273,"Up in R"
"IO+chemo","UGT8",0.00057290854504364,7.42351935483871,6.40583157894737,0.00133006908447317,"Up in R"
"chemo+targeted","GRB7",0.000588735912907527,10.1929263392857,9.53028293478261,0.00135997995881639,"Up in R"
"IO+chemo","SOX10",0.000599009365615659,7.55704193548387,6.23047105263158,0.00137131901386507,"Up in R"
"chemo+targeted","UGT8",0.000599581040694249,6.79443883928571,6.51087434782609,0.00137131901386507,"Up in R"
"IO+chemo","LDHB",0.00063789832145621,14.355435483871,13.3096631578947,0.00144465208094495,"Up in R"
"IO+chemo","TSPAN1",0.00063789832145621,8.30182580645161,9.75817631578947,0.00144465208094495,"Up in NR"
"IO+chemo","STMND1",0.000683793153461741,6.25787741935484,7.91906052631579,0.00154103627755768,"Up in NR"
"IO+chemo","PHGDH",0.000714878184488999,11.9303870967742,10.4755552631579,0.00160327049142678,"Up in R"
"IO+chemo","NAT2",0.000735643090312295,5.90864516129032,7.01215,0.00163397647944366,"Up in NR"
"IO+chemo","BCAS1",0.000735643090312295,6.20850322580645,7.6293,0.00163397647944366,"Up in NR"
"IO+chemo","NAT1",0.000746935397848492,8.65475806451613,10.3423631578947,0.00165112035313877,"Up in NR"
"IO+chemo","HIST1H1A",0.000771151806360024,8.29917096774193,6.92601578947368,0.00169653397399205,"Up in R"
"IO+chemo","RET",0.000808220936425516,6.29811612903226,7.46012105263158,0.00175304259450042,"Up in NR"
"IO+chemo","COX6C",0.000808220936425516,14.2776032258065,15.4863289473684,0.00175304259450042,"Up in NR"
"IO+chemo","GSTA5",0.000808220936425516,7.52190322580645,5.84362894736842,0.00175304259450042,"Up in R"
"IO+chemo","PDCD1",0.000815002467046186,9.0151,8.21755263157895,0.00175949130736139,"Up in R"
"IO+chemo","RGMA",0.000846911553373621,8.50476451612903,7.37352105263158,0.00181987505887727,"Up in R"
"IO+chemo","CCL17",0.00088728677976858,8.09422903225807,7.08091578947368,0.00188906217628149,"Up in R"
"IO+chemo","KCNK5",0.00088728677976858,10.036764516129,8.73872105263158,0.00188906217628149,"Up in R"
"IO+chemo","FAM26F",0.000908401119561739,11.5899322580645,10.5665552631579,0.00192514365705286,"Up in R"
"IO+chemo","KRT23",0.000973354125566437,10.2085032258065,8.08465789473684,0.00205337719640043,"Up in R"
"IO+chemo","CXCL1",0.00106697103352767,8.24934838709677,7.23837368421053,0.00223050053162799,"Up in R"
"IO+chemo","CCL5",0.00106697103352767,10.4428903225806,9.4171,0.00223050053162799,"Up in R"
"IO+chemo","SLC6A14",0.00111679173492099,7.14266129032258,5.79887368421053,0.00230338295327454,"Up in R"
"IO+chemo","ANXA8L1",0.00111679173492099,8.43652903225806,7.27657105263158,0.00230338295327454,"Up in R"
"IO+chemo","FLRT3",0.00111679173492099,6.15855483870968,7.45990789473684,0.00230338295327454,"Up in NR"
"IO+chemo","MARCO",0.00116872192853032,10.4165516129032,8.50205263157895,0.00238915721673012,"Up in R"
"IO+chemo","IFNG",0.00116872192853032,6.72941290322581,5.90557631578947,0.00238915721673012,"Up in R"
"IO+chemo","SLC9A3R1",0.00117418257451578,10.9404451612903,11.9706526315789,0.00238974603271494,"Up in NR"
"IO+chemo","FOXC1",0.00122284065541714,10.1209322580645,8.73245263157895,0.0024563147078379,"Up in R"
"IO+chemo","MSMB",0.00122284065541714,6.16488387096774,8.2714552631579,0.0024563147078379,"Up in NR"
"IO+chemo","PDZK1",0.00122284065541714,6.22099032258065,8.08398947368421,0.0024563147078379,"Up in NR"
"chemo+targeted","NQO1",0.00126873403526198,7.18104553571429,7.44106032608696,0.00251065524548215,"Up in NR"
"chemo+targeted","SLC6A14",0.00127239122658081,6.94267232142857,6.57968684782609,0.00251065524548215,"Up in R"
"IO+chemo","GSTP1",0.00127922946571677,15.5919870967742,14.5513921052632,0.00251065524548215,"Up in R"
"IO+chemo","PPP1R14C",0.00127922946571677,8.27731290322581,6.67448421052632,0.00251065524548215,"Up in R"
"IO+chemo","CD274",0.00127922946571677,6.91864193548387,6.39362894736842,0.00251065524548215,"Up in R"
"chemo+targeted","AR",0.0012824992163069,8.75298348214286,9.28898467391304,0.00251065524548215,"Up in NR"
"IO+chemo","ADRA2C",0.0013324937931394,7.90134193548387,9.19465526315789,0.00259724069524372,"Up in NR"
"IO+chemo","ARL9",0.00133797247936798,9.09183548387097,7.77337631578947,0.00259724069524372,"Up in R"
"IO+chemo","IGFBP5",0.00139915644847252,9.64036774193548,11.0604394736842,0.00270464551964144,"Up in NR"
"IO+chemo","IGDCC3",0.00141883001429216,6.14475161290323,7.25706052631579,0.00273124777751241,"Up in NR"
"IO+chemo","SLC39A6",0.00146287081955533,8.31761612903226,9.81435789473684,0.00276986196161705,"Up in NR"
"IO+chemo","WNT6",0.00146287081955533,9.85636451612903,8.72033421052632,0.00276986196161705,"Up in R"
"IO+chemo","CDH3",0.00146287081955533,10.4850483870968,9.13992105263158,0.00276986196161705,"Up in R"
"IO+chemo","MIA",0.00146287081955533,11.0677129032258,8.80524210526316,0.00276986196161705,"Up in R"
"IO+chemo","MEX3A",0.0014790735363831,11.0324129032258,9.96570263157895,0.00277805050071872,"Up in R"
"IO+chemo","DACH1",0.00147922169518789,6.76895806451613,8.17054736842105,0.00277805050071872,"Up in NR"
"IO+chemo","GABRP",0.0015292077974519,10.0420096774194,7.90821578947368,0.00286029960495052,"Up in R"
"IO+chemo","FBXL16",0.00154197413521164,8.77182903225806,10.0035578947368,0.00287254859059588,"Up in NR"
"chemo+targeted","ELF5",0.0015907064100269,7.67268080357143,7.27168923913043,0.00295143117041136,"Up in R"
"IO+chemo","COL10A1",0.00160717012992415,11.1633258064516,12.3695,0.00297005040009983,"Up in NR"
"chemo+targeted","ROPN1",0.00166187057237433,8.64159017857143,8.00908369565217,0.00305890121289617,"Up in R"
"IO+chemo","RARRES1",0.001744919142507,9.73588709677419,8.46605526315789,0.00319901842792949,"Up in R"
"chemo+targeted","BCAS1",0.0017629634210003,7.142878125,7.54924934782609,0.00321932450791359,"Up in NR"
"chemo+targeted","GPRIN2",0.00181814746966124,8.46683169642857,8.08680652173913,0.00330702413773028,"Up in R"
"targeted","TMEM45B",0.00186299920131109,9.47989333333333,7.98401363636364,0.00337531620002245,"Up in R"
"IO+chemo","UBD",0.00198783170517099,13.752164516129,12.1871342105263,0.00357106823871527,"Up in R"
"IO+chemo","VGLL1",0.00198783170517099,8.65184516129032,6.86054473684211,0.00357106823871527,"Up in R"
"targeted","GSTP1",0.00199423291252931,15.4975,14.6568181818182,0.00357106823871527,"Up in R"
"IO+chemo","EPHB3",0.00205442536262404,10.2817806451613,9.19038947368421,0.00366465064684289,"Up in R"
"IO+chemo","FAM134B",0.00213905454925751,8.08927419354839,9.13847894736842,0.00380093539137296,"Up in NR"
"chemo+targeted","IGFBP5",0.00215848731879712,10.0983553571429,10.493565326087,0.00382077065626156,"Up in NR"
"IO+chemo","CXCL9",0.00226092068490905,13.1545064516129,11.6439710526316,0.00398681433751137,"Up in R"
"chemo+targeted","ASPN",0.0023585896857864,9.0870625,9.48545815217391,0.00414322598795938,"Up in NR"
"chemo+targeted","MSMB",0.00259310415862617,7.00652991071429,7.53246380434783,0.0045379322775958,"Up in NR"
"IO+chemo","CLIC6",0.00267762389031594,6.3729935483871,7.58442894736842,0.00466815938613572,"Up in NR"
"IO+chemo","KRT15",0.00271932190255821,11.6947903225806,10.0731868421053,0.00472303277812741,"Up in R"
"IO+chemo","TMEM45B",0.00294280546836431,6.23403870967742,7.58688421052632,0.00507304524770266,"Up in NR"
"IO+chemo","AR",0.00294280546836431,7.48463225806452,9.10311315789474,0.00507304524770266,"Up in NR"
"IO+chemo","KRT5",0.00303422353240882,9.67796774193548,7.86673947368421,0.00521119431960177,"Up in R"
"IO+chemo","TBC1D9",0.00316224553331798,8.84176451612903,10.0718342105263,0.00539098685015832,"Up in NR"
"IO+chemo","PNMT",0.00316224553331798,5.61526451612903,6.63636842105263,0.00539098685015832,"Up in NR"
"chemo+targeted","CAMK2N1",0.00335157603906437,9.84492946428571,10.1887198913043,0.00569275047811669,"Up in NR"
"IO+chemo","GATA3",0.00357592597810469,8.46331935483871,10.0292894736842,0.00605156703986947,"Up in NR"
"chemo+targeted","FLRT3",0.00365981291054266,7.04058794642857,7.3930975,0.00617092541850623,"Up in NR"
"chemo+targeted","RGMA",0.00406996718764517,7.99234553571429,7.73300423913043,0.00683754487524389,"Up in R"
"chemo+targeted","EPHB3",0.00418834890250551,10.6887348214286,10.3955480434783,0.00701093185854184,"Up in R"
"chemo+targeted","GPRC5C",0.00444603965247656,8.42243482142857,8.65891891304348,0.0074122913767071,"Up in NR"
"targeted","IFNG",0.00446713290486135,6.40618666666667,5.81279545454545,0.0074122913767071,"Up in R"
"chemo+targeted","ROPN1B",0.00448068872765828,7.64228526785714,7.18555434782609,0.0074122913767071,"Up in R"
"chemo+targeted","SYCE3",0.00449229780406491,8.35718169642857,8.60680641304348,0.0074122913767071,"Up in NR"
"IO+chemo","PARD6B",0.00492602224885608,8.6295,9.7705052631579,0.00804845314132357,"Up in NR"
"targeted","CCDC74B",0.00493011307141682,8.35803666666667,9.50301818181818,0.00804845314132357,"Up in NR"
"targeted","TBC1D9",0.00493011307141682,9.92355333333333,10.7178136363636,0.00804845314132357,"Up in NR"
"IO+chemo","CAMK2N1",0.00542528368057038,9.09464516129032,10.1407947368421,0.00882563753670251,"Up in NR"
"chemo+targeted","MNX1",0.00573075865469431,8.17310089285714,7.80148913043478,0.00928986139813604,"Up in R"
"IO+chemo","TPRG1",0.00575821753273939,5.65138387096774,6.78621842105263,0.00930173601442517,"Up in NR"
"chemo+targeted","GABBR2",0.00601186019127665,6.39099330357143,6.12581282608696,0.00967762860059168,"Up in R"
"IO+chemo","PRF1",0.00628785323210807,6.44241290322581,5.93843421052632,0.01008676455984,"Up in R"
"chemo+targeted","LIN7A",0.00637670754723542,6.46825357142857,6.74047619565217,0.0101939061827777,"Up in NR"
"targeted","PDZK1",0.00665793442611204,6.58142333333333,8.14457272727273,0.0106067782926337,"Up in NR"
"chemo+targeted","LDHB",0.00711994266092548,13.4742513513514,13.2572718340611,0.0113038264926033,"Up in R"
"chemo+targeted","KRT23",0.00734577491627208,9.67633973214286,9.12171239130435,0.0116224246962935,"Up in R"
"chemo+targeted","SLC9A3R1",0.0073820327325444,11.888203125,12.1861091304348,0.0116399287455137,"Up in NR"
"targeted","PLAT",0.00764904740890087,10.6310733333333,11.4660772727273,0.0120199316425585,"Up in NR"
"targeted","MARCO",0.00795728901980607,9.21294333333333,8.07067272727273,0.0124619238208488,"Up in R"
"chemo+targeted","CAPN13",0.00881607684139145,7.23506875,7.50955695652174,0.0137602280429826,"Up in NR"
"chemo+targeted","LRFN2",0.0104133636899439,6.88384553571429,7.15578173913043,0.0161985657399127,"Up in NR"
"targeted","RARRES1",0.0105882820065433,9.62826,8.59581818181818,0.0164153902249094,"Up in R"
"chemo+targeted","DHRS2",0.0124792783076548,8.804225,9.3011747826087,0.0192823631375804,"Up in NR"
"chemo+targeted","CRABP1",0.0139838060889,9.12780535714286,8.7593852173913,0.021535061376906,"Up in R"
"targeted","CAPN13",0.014720156321112,8.62960666666667,7.80867727272727,0.0225937283068231,"Up in R"
"chemo+targeted","ACOX2",0.0149342095177361,8.57493125,8.92393195652174,0.0228463735006427,"Up in NR"
"targeted","PGR",0.0155295366035406,6.14411333333333,6.8676,0.0236786993756956,"Up in NR"
"chemo+targeted","AMIGO2",0.0157350550541773,8.17845758928572,8.44285815217391,0.0239131428783879,"Up in NR"
"targeted","SLC39A6",0.0181920415649963,8.68880666666667,9.75632727272727,0.0273769485440661,"Up in NR"
"targeted","NLRP7",0.0181920415649963,5.99335666666667,5.67429090909091,0.0273769485440661,"Up in R"
"targeted","FAM134B",0.0181920415649963,7.88027333333333,8.50088181818182,0.0273769485440661,"Up in NR"
"chemo+targeted","GSTP1",0.0183890147368123,15.5845267857143,15.3097489130435,0.0275835221052184,"Up in R"
"targeted","GABBR2",0.0201770920863143,6.37151,5.66059545454545,0.0301676910805088,"Up in R"
"chemo+targeted","CLIC6",0.0205220740695803,6.85614241071429,7.31149608695652,0.030584510387568,"Up in NR"
"targeted","RGS22",0.021237237663275,6.20180333333333,7.12870454545455,0.0315485652747044,"Up in NR"
"targeted","NQO1",0.022344591192101,7.74349,7.22902272727273,0.0330871831113803,"Up in R"
"targeted","DNALI1",0.0272793692591963,7.44861666666667,8.39958181818182,0.0401371611393271,"Up in NR"
"targeted","MIA",0.0272793692591963,7.61046,8.65463181818182,0.0401371611393271,"Up in NR"
"chemo+targeted","KRT5",0.0278966196992584,8.952509375,8.63705597826087,0.040915042225579,"Up in R"
"targeted","COX6C",0.0286480177237612,14.5669666666667,15.3315,0.0418841271784103,"Up in NR"
"targeted","RIMS4",0.0315597727947232,7.08247666666667,8.15647272727273,0.0459956310131297,"Up in NR"
"targeted","GZMB",0.0331065806535599,10.1674566666667,9.35534545454546,0.048098239817436,"Up in R"
"chemo+targeted","CHST8",0.0337475541088793,7.841815625,8.20516630434783,0.0488757680197562,"Up in NR"
"targeted","CD38",0.0347165268678497,8.62554666666667,7.61862727272727,0.0499658424079332,"Up in R"
"targeted","TMEM121",0.0347165268678497,11.4481266666667,11.9394090909091,0.0499658424079332,"Up in NR"
"chemo+targeted","CHRM1",0.0360761493438799,7.08371919642857,6.88900793478261,0.051761431667306,"Up in R"
"targeted","VGLL1",0.0363915359911226,7.03904666666667,6.43443636363636,0.0520522898696552,"Up in R"
"targeted","IL21R",0.0381335615594184,9.1998,8.68816363636364,0.0542083244321579,"Up in R"
"targeted","MEX3A",0.0381335615594184,10.5586866666667,9.98056818181818,0.0542083244321579,"Up in R"
"targeted","CLIC6",0.0399445834690427,6.99462333333333,8.4024,0.0566085814806679,"Up in NR"
"targeted","AIM2",0.0458118172985916,7.92762,7.36605,0.0647249528805789,"Up in R"
"targeted","GNLY",0.0464671823290393,8.07681666666667,7.46449545454545,0.0654507263293175,"Up in R"
"chemo+targeted","COL10A1",0.0496156787040068,11.7077144186047,11.9365804494382,0.0696730807332862,"Up in NR"
"targeted","LRRC56",0.0501057174285157,8.93509,9.31190909090909,0.070148004399922,"Up in NR"
"targeted","GBP5",0.0523736860147977,11.36602,10.6477590909091,0.0728814546350497,"Up in R"
"targeted","GBP1",0.0523736860147977,9.17124666666667,8.77670454545455,0.0728814546350497,"Up in R"
"targeted","ESR1",0.054725177255069,7.03919333333333,7.70915454545455,0.0756977002749757,"Up in NR"
"targeted","GAMT",0.054725177255069,9.28895666666667,9.7598,0.0756977002749757,"Up in NR"
"targeted","ROPN1",0.0552333182647947,6.3226,7.24189090909091,0.0761725165323437,"Up in NR"
"targeted","GABRP",0.0623023961822411,6.86655666666667,7.68934090909091,0.0856657947505815,"Up in NR"
"targeted","PHGDH",0.0650096566212294,11.1083266666667,10.4585772727273,0.089123030738896,"Up in R"
"IO+chemo","CD8B",0.06851770436456,7.89489032258065,7.53766578947368,0.0936543769716767,"Up in R"
"chemo+targeted","MIA",0.0689454117419473,9.97886607142857,9.58354782608696,0.0939610036129193,"Up in R"
"targeted","CHST8",0.0694985842632836,7.93487666666667,8.78993181818182,0.0944363115577559,"Up in NR"
"targeted","FAM47E",0.0737068329031972,7.12079666666667,7.44588181818182,0.0995688795358979,"Up in NR"
"targeted","EEF1A2",0.0737068329031972,8.07274666666667,9.06874545454546,0.0995688795358979,"Up in NR"
"targeted","SYBU",0.0768050776724278,8.02787,8.70975909090909,0.103451737273066,"Up in NR"
"targeted","SCUBE2",0.0800066167241344,7.98581,8.84565909090909,0.107450746879506,"Up in NR"
"chemo+targeted","KRT15",0.0815297079898181,11.9608080357143,11.65785,0.109178913308104,"Up in R"
"targeted","ACOX2",0.0833136718379251,10.3249633333333,9.42777727272727,0.111245423089946,"Up in R"
"targeted","CXCL1",0.0883750567853226,7.90246666666667,7.25013636363636,0.117663620273254,"Up in R"
"targeted","ADIRF",0.093682396243544,13.4483,14.0475454545455,0.12358182003445,"Up in NR"
"targeted","THSD4",0.0938900840521468,7.24472666666667,7.81615454545455,0.12358182003445,"Up in NR"
"targeted","PRR15",0.0938900840521468,9.02899,8.70885,0.12358182003445,"Up in R"
"targeted","NPNT",0.0938900840521468,9.79745666666667,10.4353272727273,0.12358182003445,"Up in NR"
"IO+chemo","CD8A",0.0949222988418577,9.11071612903226,8.74574473684211,0.124585517229938,"Up in R"
"targeted","CPA3",0.0973725704123559,8.41612,9.06250909090909,0.127439454760647,"Up in NR"
"targeted","SLC7A2",0.101509081468276,7.90735666666667,8.66964090909091,0.132104776446038,"Up in NR"
"targeted","NAT1",0.101509081468276,9.35133,10.4476454545455,0.132104776446038,"Up in NR"
"targeted","KIF5C",0.109602842635353,7.72744666666667,8.30453181818182,0.142237396903182,"Up in NR"
"targeted","AR",0.118188469123369,10.6964066666667,9.99299090909091,0.152949783571419,"Up in R"
"targeted","IDO1",0.121961053176272,9.86874333333333,9.38856818181818,0.157391079797311,"Up in R"
"targeted","CXCL10",0.122670976239386,9.64562333333333,9.20479545454545,0.157427752840545,"Up in R"
"targeted","CXCL13",0.122670976239386,9.53573333333333,8.93908181818182,0.157427752840545,"Up in R"
"targeted","RGMA",0.127282687808801,7.20126,7.58441363636364,0.162893633705446,"Up in NR"
"targeted","GPRIN2",0.13202562217362,7.89322666666667,7.44490909090909,0.168032610039152,"Up in R"
"targeted","CD274",0.13202562217362,6.98651,6.67214545454545,0.168032610039152,"Up in R"
"chemo+targeted","ERBB2",0.133388451416895,9.81904642857143,9.4773227173913,0.169300726798367,"Up in R"
"targeted","SOX10",0.145950724151455,6.10746333333333,6.51427727272727,0.184737628925952,"Up in NR"
"targeted","PPP1R14C",0.147061398036723,7.07635666666667,6.608,0.185634879488978,"Up in R"
"targeted","KRT5",0.151155496477802,7.80379,8.49256363636364,0.190282941070148,"Up in NR"
"targeted","GATA3",0.152348661171528,10.5721633333333,10.7481272727273,0.191263808318603,"Up in NR"
"targeted","CHRM1",0.157776655770393,6.93302333333333,6.70872272727273,0.197007608016004,"Up in R"
"targeted","ARL9",0.157776655770393,7.65088333333333,8.01383636363636,0.197007608016004,"Up in NR"
"targeted","PARD6B",0.16334714801793,8.69884666666667,9.23590909090909,0.203413429607234,"Up in NR"
"targeted","ROPN1B",0.169061850227933,5.85610666666667,6.43524090909091,0.20940100483996,"Up in NR"
"targeted","NAT2",0.169061850227933,6.25188666666667,6.64075909090909,0.20940100483996,"Up in NR"
"targeted","TPSAB1",0.174922420798485,7.93776,8.49872727272727,0.216080637456952,"Up in NR"
"targeted","BCAS1",0.187087501315776,8.43425666666667,7.85739090909091,0.230491801621036,"Up in R"
"targeted","LONRF2",0.193395022826327,6.86506333333333,7.32800454545455,0.237628990813199,"Up in NR"
"targeted","PDCD1",0.194787339511061,9.03929,8.68151818181818,0.238704909427348,"Up in R"
"chemo+targeted","PNMT",0.202484527224193,8.14203928571429,7.50476760869565,0.247481088829569,"Up in R"
"targeted","CCL17",0.204515884448566,8.60702,8.18430454545455,0.249304323523054,"Up in R"
"targeted","LMO4",0.206467058175352,9.40090333333333,9.12005454545455,0.250361629598458,"Up in R"
"targeted","DHRS2",0.206467058175352,9.62618333333333,10.5885363636364,0.250361629598458,"Up in NR"
"targeted","FLRT3",0.22015695620655,7.28835,7.83831363636364,0.266263125045618,"Up in NR"
"IO+chemo","ERBB2",0.223063080649668,8.47131290322581,8.67408421052632,0.269073481096989,"Up in NR"
"targeted","CDH3",0.227236521873879,9.79315,9.26811818181818,0.273393940379511,"Up in R"
"targeted","ANXA9",0.234473894672246,7.71840666666667,8.08895454545454,0.279193142625201,"Up in NR"
"targeted","AMIGO2",0.234473894672246,8.56162333333333,8.89010909090909,0.279193142625201,"Up in NR"
"targeted","CXCL9",0.234473894672246,12.69937,12.0312954545455,0.279193142625201,"Up in R"
"targeted","STMND1",0.234473894672246,7.57517333333333,8.18695909090909,0.279193142625201,"Up in NR"
"targeted","CA12",0.241870018295553,9.41340333333333,9.76229090909091,0.285790149495001,"Up in NR"
"targeted","CHI3L1",0.241870018295553,8.91433,8.29692727272727,0.285790149495001,"Up in R"
"targeted","UBD",0.241870018295553,12.5923266666667,12.1640545454545,0.285790149495001,"Up in R"
"chemo+targeted","ADRA2C",0.243255867900271,9.10614910714286,9.24437706521739,0.286694415739606,"Up in NR"
"targeted","PRF1",0.24942574788218,6.37184333333333,6.20288181818182,0.293218054762258,"Up in R"
"targeted","CLSTN2",0.250816026128108,7.26691333333333,7.77111818181818,0.294104071246665,"Up in NR"
"targeted","MATN3",0.257141850784289,7.3296,7.65665,0.299998825915004,"Up in NR"
"targeted","FAM26F",0.257141850784289,10.9334133333333,10.6140363636364,0.299998825915004,"Up in R"
"targeted","TCL1A",0.273057778275247,9.33788,9.07710454545455,0.317764971191849,"Up in R"
"targeted","SLC9A3R1",0.278567801495892,12.6721333333333,12.9062727272727,0.32336262384699,"Up in NR"
"targeted","PROM1",0.303961119638413,7.04772666666667,6.70846818181818,0.351954980633952,"Up in R"
"chemo+targeted","ANXA8L1",0.316364759147655,8.05059017857143,7.9536422826087,0.365401296815542,"Up in R"
"targeted","PM20D2",0.33388260024881,7.71032,7.87060909090909,0.383715824166543,"Up in NR"
"targeted","KRT23",0.33388260024881,8.84318,8.42870909090909,0.383715824166543,"Up in R"
"targeted","CCL5",0.34322319043131,10.0488166666667,9.72368636363636,0.393471746846812,"Up in R"
"targeted","CRABP1",0.352726010860055,8.78188,8.19983181818182,0.403364893607291,"Up in R"
"targeted","ASPN",0.382202468467403,9.78637333333333,10.1381,0.435993926992445,"Up in NR"
"targeted","CCL13",0.389055028078364,7.92428666666667,7.51878181818182,0.441664506069651,"Up in R"
"targeted","LIN7A",0.389085398204217,6.67815333333333,7.07718181818182,0.441664506069651,"Up in NR"
"targeted","FBXL16",0.392348240927129,9.52242,9.69232727272727,0.444276684579249,"Up in NR"
"targeted","GPRC5A",0.413114696166218,7.88908333333333,7.77831363636364,0.466647896402916,"Up in R"
"targeted","FSIP1",0.420409554439576,7.32982,7.88846818181818,0.4737297906124,"Up in NR"
"targeted","HIST1H1A",0.423733120726024,7.13186,6.82930909090909,0.476313143005896,"Up in R"
"targeted","MSMB",0.434506636315852,7.73095333333333,8.87024090909091,0.486058271132987,"Up in NR"
"targeted","DACH1",0.434506636315852,8.23853,8.63279545454546,0.486058271132987,"Up in NR"
"targeted","ZMYND10",0.445433813051382,7.38655333333333,7.69942727272727,0.495880534047562,"Up in NR"
"targeted","TSPAN1",0.445433813051382,9.54884,9.92249090909091,0.495880534047562,"Up in NR"
"targeted","GDF15",0.456513097749823,11.67219,11.2204681818182,0.506992911443313,"Up in R"
"targeted","CAMK2N1",0.467742817961929,10.8769966666667,10.5298318181818,0.517207266502101,"Up in R"
"IO+chemo","GRB7",0.467949431597139,8.59241612903226,8.63102368421053,0.517207266502101,"Up in NR"
"targeted","AGR3",0.479121177946801,8.87491666666667,9.60359545454545,0.527033295741481,"Up in NR"
"targeted","PLA2G10",0.479121177946801,6.91977,7.40793181818182,0.527033295741481,"Up in NR"
"targeted","ELF5",0.493143698372047,6.6793,6.67775454545455,0.541169569234883,"Up in R"
"targeted","KRT15",0.53817132799488,10.7978666666667,11.3387363636364,0.589182828278755,"Up in NR"
"chemo+targeted","SDR16C5",0.544844678506973,7.0139875,7.0147577173913,0.595078585035985,"Up in NR"
"targeted","KCNK5",0.550397103759903,8.38413666666667,8.36053181818182,0.598314028087236,"Up in R"
"targeted","COL10A1",0.550397103759903,12.79098,12.5439863636364,0.598314028087236,"Up in R"
"targeted","LAMP3",0.562755604223435,10.04914,9.82132272727273,0.60888311276634,"Up in R"
"targeted","KCNE4",0.562755604223435,8.11581333333333,8.48013636363636,0.60888311276634,"Up in NR"
"targeted","ANXA8L1",0.587859695770137,7.23206,7.50666363636364,0.634558830480849,"Up in NR"
"IO+chemo","MNX1",0.610351511075979,7.57172903225806,7.8292,0.657301627312593,"Up in NR"
"targeted","KRT86",0.613460318555708,9.45904666666667,9.2999,0.659113179471481,"Up in R"
"targeted","GSTA5",0.63010835819429,6.0254,6.24133181818182,0.675429376997128,"Up in NR"
"IO+chemo","STARD3",0.635810203628288,8.84958709677419,8.81344736842105,0.679963689991364,"Up in R"
"targeted","LRFN2",0.652737017754732,7.95333,7.83146363636364,0.694849083416328,"Up in R"
"targeted","DYNLRB2",0.652737017754732,8.13186666666667,8.32558181818182,0.694849083416328,"Up in NR"
"chemo+targeted","TMEM45B",0.662959805049679,7.70202633928571,7.65988923913044,0.704109034328625,"Up in R"
"targeted","CHI3L2",0.67946576645075,6.85582,7.14665454545455,0.7199843672024,"Up in NR"
"targeted","EPHB3",0.706596214001206,10.1997533333333,10.1381909090909,0.747019338371984,"Up in R"
"targeted","SDR16C5",0.711053333610429,7.72790666666667,7.48289090909091,0.750015160109631,"Up in R"
"targeted","RSPH1",0.720302574004101,8.77683333333333,8.82638636363636,0.758040522072653,"Up in NR"
"targeted","TPRG1",0.734097780855873,6.5428,6.82337272727273,0.770802669898667,"Up in NR"
"targeted","TNNT1",0.747977799022792,9.85856,9.96328181818182,0.783595789452449,"Up in NR"
"targeted","TFF3",0.761938511360149,11.4245766666667,11.3729136363636,0.794617589725482,"Up in R"
"targeted","CD8B",0.761938511360149,7.67344333333333,7.62915909090909,0.794617589725482,"Up in R"
"targeted","LDHB",0.788260366108106,12.8318666666667,12.9058636363636,0.820216867436814,"Up in NR"
"targeted","AGR2",0.790085181801146,11.6230166666667,11.3181909090909,0.820268211218269,"Up in R"
"targeted","SYCE3",0.804262543988456,9.13182333333333,8.95653636363636,0.831251219961223,"Up in R"
"targeted","CD8A",0.804262543988456,9.07471666666667,9.05378636363636,0.831251219961223,"Up in R"
"targeted","ADRA2C",0.809716090251355,9.61141,9.71260454545455,0.83501971807171,"Up in NR"
"targeted","FOXA1",0.831323815424697,11.8010366666667,11.3527363636364,0.855011431824687,"Up in R"
"targeted","MLPH",0.832803342686384,8.84087,8.89054545454545,0.855011431824687,"Up in NR"
"targeted","GPRC5C",0.838554345588696,9.21707333333333,9.06410909090909,0.859006890603055,"Up in R"
"targeted","FOXC1",0.845795281425205,7.93086333333333,8.10081818181818,0.863988758964626,"Up in NR"
"targeted","IGFBP5",0.847157809114666,10.6859866666667,10.5521681818182,0.863988758964626,"Up in R"
"targeted","IGDCC3",0.861562251316899,7.06417,7.15170454545455,0.876743964996492,"Up in NR"
"targeted","FAM196A",0.87601205492152,5.80998333333333,5.95595454545455,0.889489163458775,"Up in NR"
"targeted","CHODL",0.934171194892327,6.69865,6.78108636363636,0.94646292114091,"Up in NR"
"targeted","STARD10",0.948311492962393,11.3453233333333,11.4123363636364,0.952902360405151,"Up in NR"
"targeted","TFF1",0.948777241961838,12.2398266666667,12.2526136363636,0.952902360405151,"Up in NR"
"targeted","WNT6",0.948777241961838,9.68739,9.69850909090909,0.952902360405151,"Up in NR"
"targeted","SLC6A14",0.948777241961838,5.96597666666667,5.87852272727273,0.952902360405151,"Up in R"
"targeted","RET",0.963400212651087,7.74070333333333,7.84565909090909,0.965490017884604,"Up in NR"
"targeted","UGT8",0.992677620447089,5.90301666666667,5.95440454545455,0.992677620447089,"Up in NR"
